date,sales,category,region
2024-01-01,1172,Electronics,West
2024-01-02,1017,Clothing,West
2024-01-03,1131,Food,West
2024-01-04,1198,Home,West
2024-01-05,1191,Electronics,South
2024-01-06,1211,Clothing,East
2024-01-07,1059,Food,North
2024-01-08,1214,Home,North
2024-01-09,1152,Electronics,South
2024-01-10,1061,Clothing,South
2024-01-11,1114,Food,South
2024-01-12,1248,Home,South
2024-01-13,1241,Electronics,East
2024-01-14,1098,Clothing,South
2024-01-15,1076,Food,South
2024-01-16,1275,Home,West
2024-01-17,1208,Electronics,South
2024-01-18,1095,Clothing,South
2024-01-19,1123,Food,West
2024-01-20,1154,Home,East
2024-01-21,1264,Electronics,East
2024-01-22,1208,Clothing,West
2024-01-23,1151,Food,East
2024-01-24,1127,Home,East
2024-01-25,1305,Electronics,North
2024-01-26,1146,Clothing,South
2024-01-27,1280,Food,West
2024-01-28,1229,Home,East
2024-01-29,1168,Electronics,South
2024-01-30,1197,Clothing,South
2024-01-31,1277,Food,East
2024-02-01,1346,Home,North
2024-02-02,1254,Electronics,West
2024-02-03,1356,Clothing,South
2024-02-04,1281,Food,East
2024-02-05,1348,Home,South
2024-02-06,1178,Electronics,East
2024-02-07,1192,Clothing,North
2024-02-08,1229,Food,East
2024-02-09,1225,Home,North
2024-02-10,1369,Electronics,East
2024-02-11,1220,Clothing,East
2024-02-12,1242,Food,North
2024-02-13,1247,Home,South
2024-02-14,1260,Electronics,South
2024-02-15,1362,Clothing,East
2024-02-16,1326,Food,West
2024-02-17,1302,Home,East
2024-02-18,1289,Electronics,East
2024-02-19,1348,Clothing,East
2024-02-20,1273,Food,East
2024-02-21,1278,Home,East
2024-02-22,1342,Electronics,North
2024-02-23,1279,Clothing,East
2024-02-24,1242,Food,South
2024-02-25,1421,Home,South
2024-02-26,1317,Electronics,East
2024-02-27,1281,Clothing,North
2024-02-28,1299,Food,East
2024-02-29,1275,Home,South
2024-03-01,1297,Electronics,South
2024-03-02,1302,Clothing,North
2024-03-03,1410,Food,West
2024-03-04,1432,Home,South
2024-03-05,1353,Electronics,East
2024-03-06,1468,Clothing,South
2024-03-07,1272,Food,East
2024-03-08,1415,Home,West
2024-03-09,1284,Electronics,South
2024-03-10,1343,Clothing,East
2024-03-11,1396,Food,East
2024-03-12,1417,Home,North
2024-03-13,1402,Electronics,West
2024-03-14,1467,Clothing,West
2024-03-15,1435,Food,South
2024-03-16,1388,Home,South
2024-03-17,1432,Electronics,South
2024-03-18,1325,Clothing,North
2024-03-19,1449,Food,North
2024-03-20,1396,Home,West
2024-03-21,1446,Electronics,West
2024-03-22,1438,Clothing,North
2024-03-23,1471,Food,North
2024-03-24,1446,Home,West
2024-03-25,1323,Electronics,West
2024-03-26,1430,Clothing,East
2024-03-27,1466,Food,West
2024-03-28,1462,Home,South
2024-03-29,1443,Electronics,South
2024-03-30,1486,Clothing,West
2024-03-31,1485,Food,East
2024-04-01,1439,Home,North
2024-04-02,1493,Electronics,South
2024-04-03,1404,Clothing,West
2024-04-04,1471,Food,West
2024-04-05,1385,Home,West
2024-04-06,1399,Electronics,East
2024-04-07,1309,Clothing,South
2024-04-08,1373,Food,North
2024-04-09,1299,Home,East
2024-04-10,1359,Electronics,South
2024-04-11,1343,Clothing,South
2024-04-12,1311,Food,South
2024-04-13,1331,Home,East
2024-04-14,1415,Electronics,South
2024-04-15,1405,Clothing,North
2024-04-16,1420,Food,South
2024-04-17,1446,Home,South
2024-04-18,1393,Electronics,North
2024-04-19,1305,Clothing,South
2024-04-20,1429,Food,West
2024-04-21,1364,Home,East
2024-04-22,1376,Electronics,East
2024-04-23,1288,Clothing,East
2024-04-24,1299,Food,East
2024-04-25,1400,Home,East
2024-04-26,1327,Electronics,West
2024-04-27,1354,Clothing,South
2024-04-28,1452,Food,North
2024-04-29,1305,Home,East
2024-04-30,1298,Electronics,South
2024-05-01,1279,Clothing,South
2024-05-02,1294,Food,East
2024-05-03,1433,Home,South
2024-05-04,1289,Electronics,West
2024-05-05,1361,Clothing,West
2024-05-06,1443,Food,West
2024-05-07,1263,Home,South
2024-05-08,1292,Electronics,North
2024-05-09,1346,Clothing,West
2024-05-10,1362,Food,West
2024-05-11,1369,Home,East
2024-05-12,1261,Electronics,West
2024-05-13,1420,Clothing,North
2024-05-14,1423,Food,West
2024-05-15,1339,Home,West
2024-05-16,1410,Electronics,South
2024-05-17,1222,Clothing,East
2024-05-18,1363,Food,South
2024-05-19,1368,Home,East
2024-05-20,1402,Electronics,East
2024-05-21,1324,Clothing,South
2024-05-22,1217,Food,West
2024-05-23,1368,Home,West
2024-05-24,1283,Electronics,South
2024-05-25,1337,Clothing,North
2024-05-26,1327,Food,East
2024-05-27,1188,Home,West
2024-05-28,1321,Electronics,East
2024-05-29,1355,Clothing,North
2024-05-30,1232,Food,North
2024-05-31,1235,Home,North
2024-06-01,1209,Electronics,North
2024-06-02,1160,Clothing,East
2024-06-03,1196,Food,North
2024-06-04,1280,Home,South
2024-06-05,1248,Electronics,West
2024-06-06,1169,Clothing,West
2024-06-07,1247,Food,West
2024-06-08,1305,Home,West
2024-06-09,1155,Electronics,West
2024-06-10,1144,Clothing,West
2024-06-11,1136,Food,South
2024-06-12,1307,Home,East
2024-06-13,1180,Electronics,South
2024-06-14,1239,Clothing,North
2024-06-15,1131,Food,East
2024-06-16,1192,Home,South
2024-06-17,1117,Electronics,West
2024-06-18,1232,Clothing,West
2024-06-19,1180,Food,East
2024-06-20,1268,Home,West
2024-06-21,1120,Electronics,South
2024-06-22,1238,Clothing,West
2024-06-23,1166,Food,East
2024-06-24,1176,Home,North
2024-06-25,1236,Electronics,West
2024-06-26,1213,Clothing,West
2024-06-27,1087,Food,East
2024-06-28,1030,Home,West
2024-06-29,1169,Electronics,North
2024-06-30,1022,Clothing,West
2024-07-01,1205,Food,East
2024-07-02,1032,Home,West
2024-07-03,1129,Electronics,West
2024-07-04,1082,Clothing,West
2024-07-05,1035,Food,East
2024-07-06,1105,Home,West
2024-07-07,1023,Electronics,East
2024-07-08,1124,Clothing,West
2024-07-09,1064,Food,West
2024-07-10,1019,Home,East
2024-07-11,1027,Electronics,West
2024-07-12,1084,Clothing,North
2024-07-13,1091,Food,West
2024-07-14,1057,Home,West
2024-07-15,1005,Electronics,East
2024-07-16,959,Clothing,East
2024-07-17,1034,Food,East
2024-07-18,1088,Home,East
2024-07-19,1079,Electronics,South
2024-07-20,966,Clothing,West
2024-07-21,916,Food,South
2024-07-22,909,Home,North
2024-07-23,1070,Electronics,North
2024-07-24,989,Clothing,West
2024-07-25,1047,Food,South
2024-07-26,936,Home,East
2024-07-27,1042,Electronics,South
2024-07-28,1059,Clothing,South
2024-07-29,994,Food,North
2024-07-30,885,Home,West
2024-07-31,878,Electronics,West
2024-08-01,1013,Clothing,East
2024-08-02,1020,Food,East
2024-08-03,884,Home,East
2024-08-04,1039,Electronics,West
2024-08-05,902,Clothing,North
2024-08-06,928,Food,West
2024-08-07,938,Home,North
2024-08-08,865,Electronics,West
2024-08-09,953,Clothing,East
2024-08-10,999,Food,South
2024-08-11,897,Home,North
2024-08-12,886,Electronics,East
2024-08-13,857,Clothing,South
2024-08-14,905,Food,North
2024-08-15,843,Home,North
2024-08-16,901,Electronics,South
2024-08-17,975,Clothing,South
2024-08-18,976,Food,West
2024-08-19,881,Home,North
2024-08-20,967,Electronics,South
2024-08-21,871,Clothing,West
2024-08-22,848,Food,North
2024-08-23,878,Home,North
2024-08-24,836,Electronics,North
2024-08-25,780,Clothing,East
2024-08-26,928,Food,East
2024-08-27,784,Home,South
2024-08-28,763,Electronics,South
2024-08-29,912,Clothing,South
2024-08-30,940,Food,North
2024-08-31,781,Home,North
2024-09-01,832,Electronics,West
2024-09-02,896,Clothing,East
2024-09-03,919,Food,North
2024-09-04,797,Home,West
2024-09-05,802,Electronics,North
2024-09-06,850,Clothing,North
2024-09-07,802,Food,West
2024-09-08,817,Home,East
2024-09-09,831,Electronics,West
2024-09-10,918,Clothing,South
2024-09-11,916,Food,North
2024-09-12,819,Home,South
2024-09-13,818,Electronics,West
2024-09-14,788,Clothing,North
2024-09-15,758,Food,West
2024-09-16,841,Home,North
2024-09-17,766,Electronics,South
2024-09-18,767,Clothing,West
2024-09-19,837,Food,East
2024-09-20,847,Home,South
2024-09-21,873,Electronics,North
2024-09-22,873,Clothing,South
2024-09-23,763,Food,South
2024-09-24,705,Home,South
2024-09-25,765,Electronics,South
2024-09-26,836,Clothing,West
2024-09-27,736,Food,South
2024-09-28,881,Home,West
2024-09-29,865,Electronics,West
2024-09-30,845,Clothing,West
2024-10-01,849,Food,North
2024-10-02,729,Home,South
2024-10-03,776,Electronics,North
2024-10-04,755,Clothing,West
2024-10-05,797,Food,East
2024-10-06,866,Home,East
2024-10-07,793,Electronics,South
2024-10-08,856,Clothing,East
2024-10-09,875,Food,North
2024-10-10,892,Home,South
2024-10-11,834,Electronics,East
2024-10-12,767,Clothing,West
2024-10-13,835,Food,West
2024-10-14,822,Home,South
2024-10-15,778,Electronics,North
2024-10-16,872,Clothing,South
2024-10-17,784,Food,South
2024-10-18,894,Home,East
2024-10-19,845,Electronics,South
2024-10-20,764,Clothing,East
2024-10-21,912,Food,South
2024-10-22,783,Home,West
2024-10-23,858,Electronics,East
2024-10-24,772,Clothing,North
2024-10-25,826,Food,East
2024-10-26,741,Home,South
2024-10-27,860,Electronics,South
2024-10-28,863,Clothing,South
2024-10-29,915,Food,North
2024-10-30,871,Home,South
2024-10-31,886,Electronics,West
2024-11-01,772,Clothing,West
2024-11-02,814,Food,South
2024-11-03,801,Home,East
2024-11-04,865,Electronics,North
2024-11-05,834,Clothing,South
2024-11-06,822,Food,South
2024-11-07,779,Home,East
2024-11-08,758,Electronics,East
2024-11-09,834,Clothing,North
2024-11-10,859,Food,North
2024-11-11,899,Home,West
2024-11-12,921,Electronics,West
2024-11-13,808,Clothing,North
2024-11-14,890,Food,South
2024-11-15,885,Home,West
2024-11-16,971,Electronics,West
2024-11-17,835,Clothing,East
2024-11-18,797,Food,East
2024-11-19,878,Home,East
2024-11-20,943,Electronics,South
2024-11-21,953,Clothing,South
2024-11-22,979,Food,North
2024-11-23,921,Home,North
2024-11-24,904,Electronics,West
2024-11-25,935,Clothing,South
2024-11-26,871,Food,South
2024-11-27,995,Home,East
2024-11-28,918,Electronics,West
2024-11-29,861,Clothing,East
2024-11-30,996,Food,East
2024-12-01,863,Home,West
2024-12-02,919,Electronics,South
2024-12-03,861,Clothing,South
2024-12-04,984,Food,South
2024-12-05,895,Home,East
2024-12-06,857,Electronics,West
2024-12-07,944,Clothing,North
2024-12-08,1051,Food,South
2024-12-09,894,Home,East
2024-12-10,914,Electronics,North
2024-12-11,1007,Clothing,West
2024-12-12,958,Food,South
2024-12-13,905,Home,South
2024-12-14,963,Electronics,West
2024-12-15,951,Clothing,North
2024-12-16,985,Food,North
2024-12-17,1078,Home,East
2024-12-18,1101,Electronics,East
2024-12-19,1093,Clothing,South
2024-12-20,1115,Food,North
2024-12-21,1111,Home,North
2024-12-22,938,Electronics,North
2024-12-23,1003,Clothing,North
2024-12-24,1056,Food,South
2024-12-25,1039,Home,North
2024-12-26,970,Electronics,West
2024-12-27,1142,Clothing,East
2024-12-28,1106,Food,South
2024-12-29,1128,Home,North
2024-12-30,1063,Electronics,North
